<?xml version="1.0"?>
<gconf>
	<entry name="ThreeDimensional" mtime="1583035956" type="bool" value="true"/>
	<entry name="PanelMode" mtime="1583035955" type="bool" value="false"/>
	<entry name="ZoomPercent" mtime="1583035953" type="float" value="2"/>
	<entry name="FadeOnHide" mtime="1583035949" type="bool" value="true"/>
	<entry name="Autohide" mtime="1585328378" type="string">
		<stringvalue>Intellihide</stringvalue>
	</entry>
	<entry name="Plugins" mtime="1584197112" type="list" ltype="string">
		<li type="string">
			<stringvalue>RecentDocuments</stringvalue>
		</li>
		<li type="string">
			<stringvalue>Trash</stringvalue>
		</li>
	</entry>
	<entry name="Position" mtime="1585328378" type="string">
		<stringvalue>Bottom</stringvalue>
	</entry>
	<entry name="SortList" mtime="1585328378" type="list" ltype="string">
		<li type="string">
			<stringvalue>/usr/share/applications/firefox.desktop</stringvalue>
		</li>
		<li type="string">
			<stringvalue>RecentDocuments</stringvalue>
		</li>
		<li type="string">
			<stringvalue>TrashCan</stringvalue>
		</li>
		<li type="string">
			<stringvalue>/usr/share/applications/gnome-terminal.desktop</stringvalue>
		</li>
		<li type="string">
			<stringvalue>/usr/share/applications/org.gnome.Software.desktop</stringvalue>
		</li>
	</entry>
	<entry name="Launchers" mtime="1585343939" type="list" ltype="string">
		<li type="string">
			<stringvalue>file:///usr/share/applications/gnome-terminal.desktop</stringvalue>
		</li>
		<li type="string">
			<stringvalue>file:///usr/share/applications/firefox.desktop</stringvalue>
		</li>
		<li type="string">
			<stringvalue>file:///usr/share/applications/org.gnome.Software.desktop</stringvalue>
		</li>
	</entry>
	<entry name="WindowManager" mtime="1584196673" type="bool" value="true"/>
</gconf>
