{"chrome://browser/content/browser.xhtml":{"main-window":{"sizemode":"maximized","screenX":"54","screenY":"84","width":"1224","height":"691"},"sidebar-box":{"sidebarcommand":"","width":""},"sidebar-title":{"value":""}},"chrome://mozapps/content/downloads/unknownContentType.xul":{"unknownContentType":{"screenX":"413","screenY":"218"}},"chrome://browser/content/places/places.xul":{"placesContentTags":{"ordinal":"3"},"placesContentUrl":{"ordinal":"5"},"placesContentDate":{"ordinal":"7"},"placesContentVisitCount":{"ordinal":"9"},"placesContentDateAdded":{"ordinal":"11"},"placesContentLastModified":{"ordinal":"13"},"places":{"screenX":"0","screenY":"275","width":"700","height":"500","sizemode":"normal"}}}