<?xml version="1.0" encoding="UTF-8"?>

<channel name="xfce4-desktop" version="1.0">
  <property name="backdrop" type="empty">
    <property name="screen0" type="empty">
      <property name="monitor0" type="empty">
        <property name="workspace0" type="empty">
          <property name="color-style" type="int" value="2"/>
          <property name="image-style" type="int" value="1"/>
          <property name="last-image" type="string" value="/home/rawson/.config/variety/Downloaded/nasa_apod/StarTrailsOnRedPlanet2048.jpg"/>
          <property name="color1" type="array">
            <value type="uint" value="13107"/>
            <value type="uint" value="13107"/>
            <value type="uint" value="13107"/>
            <value type="uint" value="65535"/>
          </property>
          <property name="color2" type="array">
            <value type="uint" value="52428"/>
            <value type="uint" value="52428"/>
            <value type="uint" value="52428"/>
            <value type="uint" value="65535"/>
          </property>
          <property name="backdrop-cycle-enable" type="bool" value="false"/>
        </property>
        <property name="workspace1" type="empty">
          <property name="color-style" type="int" value="0"/>
          <property name="image-style" type="int" value="5"/>
          <property name="last-image" type="string" value="/home/rawson/.config/variety/Downloaded/nasa_apod/StarTrailsOnRedPlanet2048.jpg"/>
        </property>
        <property name="workspace2" type="empty">
          <property name="color-style" type="int" value="0"/>
          <property name="image-style" type="int" value="5"/>
          <property name="last-image" type="string" value="/home/rawson/.config/variety/Downloaded/nasa_apod/StarTrailsOnRedPlanet2048.jpg"/>
        </property>
        <property name="workspace3" type="empty">
          <property name="color-style" type="int" value="0"/>
          <property name="image-style" type="int" value="5"/>
          <property name="last-image" type="string" value="/home/rawson/.config/variety/Downloaded/nasa_apod/StarTrailsOnRedPlanet2048.jpg"/>
        </property>
      </property>
    </property>
  </property>
  <property name="desktop-menu" type="empty">
    <property name="show" type="bool" value="true"/>
  </property>
  <property name="windowlist-menu" type="empty">
    <property name="show" type="bool" value="true"/>
  </property>
  <property name="desktop-icons" type="empty">
    <property name="style" type="int" value="0"/>
    <property name="file-icons" type="empty">
      <property name="show-trash" type="bool" value="false"/>
      <property name="show-filesystem" type="bool" value="false"/>
      <property name="show-home" type="bool" value="false"/>
      <property name="show-removable" type="bool" value="false"/>
      <property name="show-network-removable" type="bool" value="false"/>
      <property name="show-unknown-removable" type="bool" value="false"/>
      <property name="show-device-removable" type="bool" value="false"/>
    </property>
  </property>
  <property name="last" type="empty">
    <property name="window-width" type="int" value="665"/>
    <property name="window-height" type="int" value="604"/>
  </property>
</channel>
