<?xml version="1.0" encoding="UTF-8"?>

<channel name="xfce4-notifyd" version="1.0">
  <property name="applications" type="empty">
    <property name="known_applications" type="array">
      <value type="string" value="nm-applet"/>
      <value type="string" value="org.gnome.Software"/>
      <value type="string" value="thunar"/>
      <value type="string" value="Thunar"/>
      <value type="string" value="Variety"/>
      <value type="string" value="Xfce volume control"/>
      <value type="string" value="xfce4-sensors-plugin"/>
      <value type="string" value="xfce4-settings-helper"/>
    </property>
  </property>
  <property name="do-not-disturb" type="bool" value="false"/>
</channel>
