<?xml version="1.0" encoding="UTF-8"?>

<channel name="xfce4-desktop" version="1.0">
  <property name="backdrop" type="empty">
    <property name="screen0" type="empty">
      <property name="monitor0" type="empty">
        <property name="workspace0" type="empty">
          <property name="color-style" type="int" value="0"/>
          <property name="image-style" type="int" value="5"/>
          <property name="last-image" type="string" value="/usr/share/backgrounds/variety-copied-wallpaper-6776be36474fdd60e6ab055795a7f4ac.jpg"/>
        </property>
        <property name="workspace1" type="empty">
          <property name="color-style" type="int" value="0"/>
          <property name="image-style" type="int" value="5"/>
          <property name="last-image" type="string" value="/usr/share/backgrounds/variety-copied-wallpaper-6776be36474fdd60e6ab055795a7f4ac.jpg"/>
        </property>
        <property name="workspace2" type="empty">
          <property name="color-style" type="int" value="0"/>
          <property name="image-style" type="int" value="5"/>
          <property name="last-image" type="string" value="/usr/share/backgrounds/variety-copied-wallpaper-6776be36474fdd60e6ab055795a7f4ac.jpg"/>
        </property>
        <property name="workspace3" type="empty">
          <property name="color-style" type="int" value="0"/>
          <property name="image-style" type="int" value="5"/>
          <property name="last-image" type="string" value="/usr/share/backgrounds/variety-copied-wallpaper-6776be36474fdd60e6ab055795a7f4ac.jpg"/>
        </property>
      </property>
      <property name="monitorVirtual1" type="empty">
        <property name="workspace0" type="empty">
          <property name="color-style" type="int" value="0"/>
          <property name="image-style" type="int" value="5"/>
          <property name="last-image" type="string" value="/usr/share/backgrounds/variety-copied-wallpaper-6776be36474fdd60e6ab055795a7f4ac.jpg"/>
        </property>
      </property>
    </property>
  </property>
  <property name="desktop-menu" type="empty">
    <property name="show" type="bool" value="true"/>
    <property name="show-icons" type="bool" value="true"/>
  </property>
  <property name="windowlist-menu" type="empty">
    <property name="show-icons" type="bool" value="true"/>
  </property>
  <property name="desktop-icons" type="empty">
    <property name="show-hidden-files" type="bool" value="false"/>
    <property name="show-thumbnails" type="bool" value="true"/>
    <property name="show-tooltips" type="bool" value="true"/>
    <property name="style" type="int" value="0"/>
  </property>
  <property name="last" type="empty">
    <property name="window-width" type="int" value="637"/>
    <property name="window-height" type="int" value="478"/>
  </property>
</channel>
