<?xml version="1.0" encoding="UTF-8"?>

<channel name="xfce4-panel" version="1.0">
  <property name="configver" type="int" value="2"/>
  <property name="panels" type="array">
    <value type="int" value="3"/>
    <value type="int" value="4"/>
    <value type="int" value="5"/>
    <value type="int" value="1"/>
    <property name="panel-3" type="empty">
      <property name="position" type="string" value="p=8;x=52;y=763"/>
      <property name="mode" type="uint" value="2"/>
      <property name="position-locked" type="bool" value="false"/>
      <property name="size" type="uint" value="62"/>
      <property name="length-adjust" type="bool" value="true"/>
      <property name="length" type="uint" value="1"/>
      <property name="nrows" type="uint" value="1"/>
      <property name="background-style" type="uint" value="1"/>
      <property name="enter-opacity" type="uint" value="100"/>
      <property name="leave-opacity" type="uint" value="50"/>
      <property name="disable-struts" type="bool" value="false"/>
      <property name="autohide-behavior" type="uint" value="1"/>
      <property name="plugin-ids" type="array">
        <value type="int" value="16"/>
      </property>
      <property name="background-alpha" type="uint" value="0"/>
    </property>
    <property name="panel-4" type="empty">
      <property name="position" type="string" value="p=1;x=1334;y=324"/>
      <property name="mode" type="uint" value="2"/>
      <property name="size" type="uint" value="60"/>
      <property name="disable-struts" type="bool" value="true"/>
      <property name="autohide-behavior" type="uint" value="2"/>
      <property name="length" type="uint" value="100"/>
      <property name="nrows" type="uint" value="1"/>
      <property name="plugin-ids" type="array">
        <value type="int" value="4"/>
        <value type="int" value="9"/>
        <value type="int" value="14"/>
        <value type="int" value="3"/>
        <value type="int" value="1"/>
      </property>
      <property name="length-adjust" type="bool" value="true"/>
      <property name="leave-opacity" type="uint" value="50"/>
      <property name="position-locked" type="bool" value="true"/>
      <property name="background-alpha" type="uint" value="90"/>
      <property name="enter-opacity" type="uint" value="100"/>
    </property>
    <property name="panel-5" type="empty">
      <property name="position" type="string" value="p=5;x=199;y=126"/>
      <property name="mode" type="uint" value="0"/>
      <property name="autohide-behavior" type="uint" value="1"/>
      <property name="position-locked" type="bool" value="true"/>
      <property name="disable-struts" type="bool" value="false"/>
      <property name="background-style" type="uint" value="0"/>
      <property name="background-alpha" type="uint" value="0"/>
      <property name="plugin-ids" type="array">
        <value type="int" value="15"/>
        <value type="int" value="19"/>
      </property>
      <property name="background-color" type="array">
        <value type="uint" value="65535"/>
        <value type="uint" value="65535"/>
        <value type="uint" value="65535"/>
        <value type="uint" value="65535"/>
      </property>
      <property name="enter-opacity" type="uint" value="100"/>
      <property name="nrows" type="uint" value="1"/>
      <property name="size" type="uint" value="98"/>
      <property name="length-adjust" type="bool" value="true"/>
    </property>
    <property name="panel-1" type="empty">
      <property name="position" type="string" value="p=6;x=73;y=32"/>
      <property name="position-locked" type="bool" value="true"/>
      <property name="background-alpha" type="uint" value="100"/>
      <property name="plugin-ids" type="array">
        <value type="int" value="5"/>
      </property>
      <property name="autohide-behavior" type="uint" value="1"/>
      <property name="disable-struts" type="bool" value="true"/>
      <property name="size" type="uint" value="42"/>
      <property name="length" type="uint" value="1"/>
      <property name="nrows" type="uint" value="1"/>
      <property name="background-style" type="uint" value="0"/>
      <property name="leave-opacity" type="uint" value="50"/>
    </property>
  </property>
  <property name="plugins" type="empty">
    <property name="plugin-14" type="string" value="tasklist">
      <property name="flat-buttons" type="bool" value="true"/>
      <property name="show-labels" type="bool" value="false"/>
      <property name="show-wireframes" type="bool" value="false"/>
      <property name="include-all-workspaces" type="bool" value="true"/>
    </property>
    <property name="plugin-15" type="string" value="clock">
      <property name="mode" type="uint" value="4"/>
      <property name="show-seconds" type="bool" value="false"/>
      <property name="show-military" type="bool" value="false"/>
      <property name="show-meridiem" type="bool" value="true"/>
      <property name="flash-separators" type="bool" value="false"/>
      <property name="timezone" type="string" value="MST"/>
    </property>
    <property name="plugin-16" type="string" value="launcher">
      <property name="items" type="array">
        <value type="string" value="15750825965.desktop"/>
      </property>
    </property>
    <property name="plugin-19" type="string" value="weather"/>
    <property name="plugin-1" type="string" value="systray">
      <property name="names-visible" type="array">
        <value type="string" value="network"/>
        <value type="string" value="networkmanager applet"/>
        <value type="string" value="docky"/>
        <value type="string" value="variety"/>
        <value type="string" value="task manager"/>
        <value type="string" value="thunar"/>
        <value type="string" value="update-notifier"/>
      </property>
      <property name="names-hidden" type="array">
      </property>
    </property>
    <property name="plugin-3" type="string" value="separator">
      <property name="expand" type="bool" value="true"/>
      <property name="style" type="uint" value="1"/>
    </property>
    <property name="plugin-4" type="string" value="notification-plugin"/>
    <property name="plugin-5" type="string" value="actions">
      <property name="items" type="array">
        <value type="string" value="+lock-screen"/>
        <value type="string" value="+switch-user"/>
        <value type="string" value="+separator"/>
        <value type="string" value="+suspend"/>
        <value type="string" value="-hibernate"/>
        <value type="string" value="-separator"/>
        <value type="string" value="+shutdown"/>
        <value type="string" value="+restart"/>
        <value type="string" value="+separator"/>
        <value type="string" value="+logout"/>
        <value type="string" value="-logout-dialog"/>
      </property>
      <property name="appearance" type="uint" value="1"/>
    </property>
    <property name="plugin-9" type="string" value="launcher">
      <property name="items" type="array">
        <value type="string" value="15853347941.desktop"/>
      </property>
    </property>
  </property>
</channel>
