<?xml version="1.0" encoding="UTF-8"?>

<channel name="xfdashboard" version="1.0">
  <property name="theme" type="string" value="xfdashboard-dark"/>
  <property name="favourites" type="array">
    <value type="string" value="gnome-terminal.desktop"/>
    <value type="string" value="exo-web-browser.desktop"/>
    <value type="string" value="gnome-control-center.desktop"/>
    <value type="string" value="exo-file-manager.desktop"/>
  </property>
  <property name="enable-unmapped-window-workaround" type="bool" value="false"/>
  <property name="always-launch-new-instance" type="bool" value="false"/>
  <property name="components" type="empty">
    <property name="applications-view" type="empty">
      <property name="show-all-apps" type="bool" value="true"/>
    </property>
    <property name="search-view" type="empty">
      <property name="delay-search-timeout" type="uint" value="0"/>
    </property>
  </property>
  <property name="switch-to-view-on-resume" type="string" value="applications"/>
</channel>
